{"lr":1.0101010101010103e-07,"_timestamp":1.7626685481099463e+09,"_step":200,"_wandb":{"runtime":16867},"_runtime":16867.964454708,"grad_norm":0.006228071171790361,"loss":0.031903078631815934}